Workbook

Sheet Sintesi
B2: Ricerca prezzi Clan Pesca vs concorrenti online
B3: Rilevazione del 05/08/2026 — perimetro: 13 marchi prioritari (esclusi Shimano, Tuning, Daiwa assente)
B5: Prodotti di marca censiti sul sito | C5: 1177
B6: Prodotti dei 13 marchi prioritari (senza Tuning) | C6: 572
B7: Prodotti con almeno un prezzo concorrente | C7: 117
B8: Righe di confronto nel dettaglio | C8: =COUNTA('Dettaglio confronti'!A2:A167) -> 166
B9: Delta mediano vs miglior prezzo concorrente | C9: 0.09
B10: Prodotti più cari del mercato (>+2%) | C10: 77
B11: In linea (±2%) | C11: 18
B12: Più economici (<−2%) | C12: 22
B13: I conteggi 77/18/22 sono per prodotto (miglior concorrente), livelli esatto+famiglia; calcolo del 05/08/2026 dai dati del foglio 'Dettaglio confronti'.
B15: Priorità operative
B16: 1. Tubertini (+14% mediano): ritocco listino mirato — il caso più serio
B17: 2. Molix e BKK (+8% diffuso): un ~−5% riallinea metà dei confrontabili
B18: 3. Owner, Golden Catch, Bone (119 prodotti): nessuna concorrenza online — margine difendibile, investire in visibilità
B19: 4. Panther Martin e Favorite: già in linea, non toccare
B20: 5. Prima di ogni ribasso: aprire il link nel dettaglio e verificare se il concorrente è in svendita outlet
B22: Fogli: 'Marchi focus' = vista per marca · 'Dettaglio confronti' = 166 righe con link · 'Campione verificato' = 37 prodotti controllati a mano

Sheet Dettaglio confronti
A1: ID | B1: Prodotto Clan Pesca | C1: Marca | D1: Categoria | E1: Prezzo Clan Pesca | F1: Sito concorrente | G1: Livello match | H1: Prezzo concorrente | I1: Disponibilità | J1: Delta % | K1: Link concorrente | L1: Data
A2: 23200 | B2: Amo BKK Titan Diver+ | C2: bkk | D2: Mare | E2: 10.5 | F2: bassstoreitaly.com | G2: famiglia | H2: 9.1 | I2: disponibile | J2: =(E2-H2)/H2 -> 0.15384615 | K2: apri pagina | L2: 05/08/2026
A3: 23200 | B3: Amo BKK Titan Diver+ | C3: bkk | D3: Mare | E3: 10.5 | F3: pescapromo.it | G3: famiglia | H3: 7.95 | I3: esaurito | J3: =(E3-H3)/H3 -> 0.32075472 | K3: apri pagina | L3: 05/08/2026
A4: 23331 | B4: BKK Assist Spear 21 SS | C4: bkk | D4: Spinning e Casting | E4: 8.9 | F4: pescapromo.it | G4: esatto | H4: 8.95 | I4: disponibile | J4: =(E4-H4)/H4 -> -0.0055865922 | K4: apri pagina | L4: 05/08/2026
A5: 23338 | B5: BKK Assist Spear UVO | C5: bkk | D5: Spinning e Casting | E5: 9.9 | F5: pescapromo.it | G5: famiglia | H5: 9.95 | I5: esaurito | J5: =(E5-H5)/H5 -> -0.0050251256 | K5: apri pagina | L5: 05/08/2026
A6: 26220 | B6: BKK Basilisk | C6: bkk | D6: Spinning e Casting | E6: 5.5 | F6: bassstoreitaly.com | G6: famiglia | H6: 5.2 | I6: esaurito | J6: =(E6-H6)/H6 -> 0.057692308 | K6: apri pagina | L6: 05/08/2026
A7: 26220 | B7: BKK Basilisk | C7: bkk | D7: Spinning e Casting | E7: 5.5 | F7: pescapromo.it | G7: famiglia | H7: 3.49 | I7: disponibile | J7: =(E7-H7)/H7 -> 0.57593123 | K7: apri pagina | L7: 05/08/2026
A8: 28015 | B8: BKK CHAIN-21 STINGER | C8: bkk | D8: Luccio | E8: 5.99 | F8: bassstoreitaly.com | G8: esatto | H8: 5.99 | I8: disponibile | J8: =(E8-H8)/H8 -> 0 | K8: apri pagina | L8: 05/08/2026
A9: 28015 | B9: BKK CHAIN-21 STINGER | C9: bkk | D9: Luccio | E9: 5.99 | F9: pescapromo.it | G9: esatto | H9: 5.95 | I9: disponibile | J9: =(E9-H9)/H9 -> 0.0067226891 | K9: apri pagina | L9: 05/08/2026
A10: 23446 | B10: BKK Chaser Punch LRF | C10: bkk | D10: Mare | E10: 6.5 | F10: pescapromo.it | G10: famiglia | H10: 6.75 | I10: esaurito | J10: =(E10-H10)/H10 -> -0.037037037 | K10: apri pagina | L10: 05/08/2026
A11: 24618 | B11: BKK Complete Armor Point OCD Kit | C11: bkk | D11: Spinning e Casting | E11: 275 | F11: bassstoreitaly.com | G11: famiglia | H11: 239.99 | I11: disponibile | J11: =(E11-H11)/H11 -> 0.14588108 | K11: apri pagina | L11: 05/08/2026
A12: 24618 | B12: BKK Complete Armor Point OCD Kit | C12: bkk | D12: Spinning e Casting | E12: 275 | F12: pescapromo.it | G12: famiglia | H12: 274.95 | I12: disponibile | J12: =(E12-H12)/H12 -> 0.00018185125 | K12: apri pagina | L12: 05/08/2026
A13: 23239 | B13: BKK DSS Worm | C13: bkk | D13: Spinning e Casting | E13: 4.5 | F13: bassstoreitaly.com | G13: famiglia | H13: 4.4 | I13: disponibile | J13: =(E13-H13)/H13 -> 0.022727273 | K13: apri pagina | L13: 05/08/2026
... A167: 14463 | B167: Tubertini Vertigo Black | C167: tubertini | D167: Frizione anteriore | E167: 110 | F167: pescamia.eu | G167: famiglia | H167: 119 | I167: esaurito | J167: =(E167-H167)/H167 -> -0.075630252 | K167: apri pagina | L167: 05/08/2026

Sheet Marchi focus
A1: Posizionamento per marca — 13 marchi prioritari
A3: Delta mediano calcolato sul miglior prezzo concorrente per prodotto (livelli 'esatto' e 'famiglia'). Conteggi ricalcolati con formule dal foglio 'Dettaglio confronti'.
A5: Marca | B5: Prodotti a catalogo | C5: Righe confronto | D5: Prodotti confrontati | E5: Delta mediano | F5: Indicazione
A6: molix | B6: 151 | C6: =COUNTIF('Dettaglio confronti'!C:C,A6) -> 50 | D6: 34 | E6: 0.082262494 | F6: Ricarico diffuso ~+8%: tanti piccoli ritocchi possibili
A7: mikado | B7: 72 | C7: =COUNTIF('Dettaglio confronti'!C:C,A7) -> 1 | D7: 1 | E7: 0.34243458 | F7: Un solo riscontro: quasi nessun concorrente online in Italia
A8: tubertini | B8: 68 | C8: =COUNTIF('Dettaglio confronti'!C:C,A8) -> 42 | D8: 27 | E8: 0.14375 | F8: PRIORITÀ: quasi tutto sopra mercato (+14%)
A9: owner | B9: 56 | C9: =COUNTIF('Dettaglio confronti'!C:C,A9) -> 0 | D9: 0 | F9: Nessun riscontro sui siti verificabili: prezzo libero
A10: bkk | B10: 53 | C10: =COUNTIF('Dettaglio confronti'!C:C,A10) -> 46 | D10: 31 | E10: 0.075949367 | F10: Come Molix: +8% diffuso
A11: golden-catch | B11: 39 | C11: =COUNTIF('Dettaglio confronti'!C:C,A11) -> 0 | D11: 0 | F11: Nessun riscontro: prezzo libero
A12: fladen | B12: 34 | C12: =COUNTIF('Dettaglio confronti'!C:C,A12) -> 2 | D12: 2 | E12: 1.1688612 | F12: Solo 2 capi matchati e in svendita altrove: verificare a mano
A13: omtd | B13: 29 | C13: =COUNTIF('Dettaglio confronti'!C:C,A13) -> 10 | D13: 10 | E13: 0.10778288 | F13: +11% su ami/jig
A14: bone | B14: 24 | C14: =COUNTIF('Dettaglio confronti'!C:C,A14) -> 0 | D14: 0 | F14: Nessun riscontro: prezzo libero
A15: hart | B15: 16 | C15: =COUNTIF('Dettaglio confronti'!C:C,A15) -> 1 | D15: 1 | E15: 0.25496426 | F15: Un solo riscontro: di fatto soli online in Italia
A16: major-craft | B16: 14 | C16: =COUNTIF('Dettaglio confronti'!C:C,A16) -> 5 | D16: 2 | E16: 0.11929544 | F16: Mulinello Ceana +16%
A17: favorite | B17: 9 | C17: =COUNTIF('Dettaglio confronti'!C:C,A17) -> 5 | D17: 5 | E17: 0.042597557 | F17: Quasi in linea (+4%)
A18: panther-martin | B18: 7 | C18: =COUNTIF('Dettaglio confronti'!C:C,A18) -> 4 | D18: 4 | E18: -0.025062657 | F18: Già competitivi (−2%): non toccare
A20: Nota: 'Prodotti a catalogo' da censimento pagine marca clanpesca.com del 05/08/2026 (esclusa categoria Tuning). Marche senza delta = nessun prezzo concorrente trovato.

Sheet Campione verificato
A1: Campione di 37 prodotti verificati a mano (rilevazioni esatte con URL)
A3: ID | B3: Prodotto | C3: Categoria | D3: Prezzo Clan Pesca | E3: Sito | F3: Esito | G3: Prezzo concorrente | H3: Disponibilità | I3: Nota | J3: Link
A4: P01 | B4: Shimano Twin Power 2500FE | C4: Mulinelli | D4: 419 | E4: bassstoreitaly.com | F4: ok | G4: 414 | H4: disponibile | I4: pagina famiglia FE, prezzo unico | J4: apri
A5: P01 | B5: Shimano Twin Power 2500FE | C5: Mulinelli | D5: 419 | E5: megafish.it | F5: ok | G5: 403.9 | H5: nd | I5: 24 Twin Power FE, variante 2500 | J5: apri
A6: P01 | B6: Shimano Twin Power 2500FE | C6: Mulinelli | D6: 419 | E6: pescapromo.it | F6: ok | G6: 409.29 | H6: disponibile | I6: variante 2500 FE | J6: apri
A7: P02 | B7: Shimano Calcutta Conquest MD 401XGLH | C7: Mulinelli | D7: 485 | E7: bassstoreitaly.com | F7: variante_diversa | G7: 437.99 | H7: esaurito | I7: MD 301 (taglia 300 vs 400) | J7: apri
A8: P02 | B8: Shimano Calcutta Conquest MD 401XGLH | C8: Mulinelli | D8: 485 | E8: webpesca.it | F8: variante_diversa | G8: 435 | H8: disponibile | I8: MD LH 301XG (taglia 300 vs 400); scontato da 499 | J8: apri
A9: P03 | B9: Shimano Curado 151HG | C9: Mulinelli | D9: 235 | E9: bassstoreitaly.com | F9: ok | G9: 209.99 | H9: disponibile | I9: Curado M 151HG, SKU CU151HGM identico | J9: apri
A10: P03 | B10: Shimano Curado 151HG | C10: Mulinelli | D10: 235 | E10: pescapromo.it | F10: variante_diversa | G10: 231.31 | H10: esaurito | I10: Curado K MGL 151HG (serie precedente); K 301 disp. 185.17 | J10: apri
A11: P04 | B11: Shimano SLX BFS XG | C11: Mulinelli | D11: 189 | E11: bassstoreitaly.com | F11: ok | G11: 169.99 | H11: disponibile | I11: SLX BFS XG 8.2:1 | J11: apri
A12: P04 | B12: Shimano SLX BFS XG | C12: Mulinelli | D12: 189 | E12: webpesca.it | F12: ok | G12: 154 | H12: esaurito | I12: SLX BFS XG left hand | J12: apri
A13: P05 | B13: Shimano Cardiff 301 A | C13: Mulinelli | D13: 99.5 | E13: bassstoreitaly.com | F13: ok | G13: 105.09 | H13: disponibile | I13: Cardiff 301 A | J13: apri
A14: P05 | B14: Shimano Cardiff 301 A | C14: Mulinelli | D14: 99.5 | E14: pescapromo.it | F14: ok | G14: 96.95 | H14: disponibile | I14: Cardiff 301A LH | J14: apri
A15: P06 | B15: Shimano Aero XR 4000 | C15: Mulinelli | D15: 149 | E15: bassstoreitaly.com | F15: ok | G15: 134.99 | H15: esaurito | I15: pagina famiglia Aero XR, prezzo unico | J15: apri
... A51: P36 | B51: Valigetta Meiho VS 3080 Col Green | C51: Accessori | D51: 94.9 | E51: webpesca.it | F51: ok | G51: 115.2 | H51: esaurito | I51: VS-3080 black; listino 144.00 | J51: apri
A53: Esiti 'non_trovato' e siti bloccati: vedi confronto_prezzi.csv nel repository. Shimano nel campione = dato storico, fuori dalle raccomandazioni su indicazione del titolare.
